groupe,ticker,libelle,date_seance,ouverture,plus_haut,plus_bas,cloture,cloture_veille,var_jour_pct,volume,volume_vs_moy20,plus_haut_52s,plus_bas_52s,tendance,dist_ema20_pct,ema20,ema50,ema100,ema200,sma50,sma200,rsi,rsi_veille,macd,macd_signal,macd_hist,macd_hist_veille,atr_pct,pullback_ema20,rsi_ok,macd_ok,signal_achat,liquidite,evenements
PEA,WPEA.PA,iShares MSCI World Swap PEA,2026-10-09,7.19,7.207,7.185,7.204,7.201,0.04,175937.0,0.18,7.253,5.824,Haussière,1.66,7.0863,7.0044,6.8757,6.6358,7.0103,6.5789,66.8,66.6,0.061,0.0437,0.0174,0.0187,0.76,False,False,False,False,OK,
PEA,PAEEM.PA,Amundi PEA MSCI Emerging Markets,2026-10-09,37.005,37.105,36.96,37.1,37.37,-0.72,14719.0,0.22,38.615,27.42,Haussière,0.67,36.8541,36.2593,35.4701,33.7345,36.0397,33.6911,54.2,57.1,0.4011,0.3627,0.0384,0.0801,1.46,True,False,False,False,OK,
PEA,ETZ.PA,BNP Paribas Easy Stoxx Europe 600,2026-10-09,20.8,20.845,20.775,20.83,20.8,0.14,12546.0,0.13,21.86,17.964,Haussière,-0.82,21.0031,21.1156,20.9498,20.3739,21.303,20.4292,42.0,40.8,-0.1164,-0.1103,-0.0061,-0.0066,0.94,False,True,True,False,OK,
PEA,AL2SI.PA,2CRSi,2026-10-09,23.12,25.42,23.06,25.3,23.44,7.94,134813.0,0.58,59.95,9.3,Neutre,-6.82,27.1505,28.1693,29.1454,27.0128,27.5252,28.5696,41.6,32.2,-0.7741,-0.2839,-0.4902,-0.543,7.02,False,True,True,False,OK,
PEA,ISP.MI,Intesa Sanpaolo,2026-10-09,6.133,6.148,6.086,6.13,6.06,1.16,15294372.0,0.3,6.937,4.654,Haussière,-5.71,6.5009,6.5526,6.377,6.0143,6.7028,5.9417,32.6,28.7,-0.1338,-0.0695,-0.0643,-0.063,2.28,False,False,False,False,OK,
PEA,AIR.PA,Airbus,2026-10-09,189.14,189.44,186.8,187.9,187.26,0.34,68662.0,0.06,217.285,154.564,Neutre,-1.93,191.5905,195.3067,194.0732,189.8252,200.0886,188.1045,36.9,34.9,-3.2311,-3.1144,-0.1167,-0.2281,2.26,False,False,True,False,OK,
PEA,STMPA.PA,STMicroelectronics,2026-10-09,47.5,48.255,47.2,47.76,47.985,-0.47,485042.0,0.23,70.7033,18.0049,Haussière,1.17,47.2061,47.2094,47.239,43.1431,45.4818,42.4186,53.1,53.9,1.1577,0.8274,0.3303,0.5356,3.73,True,False,False,False,OK,
PEA,FDE.PA,La Française de l'Énergie,2026-10-09,14.6,14.94,14.4,14.82,14.56,1.79,16733.0,0.36,47.0,13.24,Baissière,-23.16,19.288,23.8709,28.1227,30.8036,24.8188,33.4812,19.1,16.9,-2.7126,-2.4184,-0.2943,-0.2963,8.96,False,False,True,False,Faible,RSI survendu
PEA,TE.PA,Technip Energies,2026-10-09,28.36,28.8,28.32,28.76,28.2,1.99,28412.0,0.07,40.4586,26.94,Baissière,-0.7,28.9636,29.9627,31.3221,32.337,29.6628,33.1235,46.5,41.5,-0.4321,-0.4446,0.0125,-0.0231,2.71,False,True,True,False,OK,Croisement MACD haussier
PEA,CS.PA,AXA,2026-10-09,41.76,41.86,41.57,41.67,41.42,0.6,270237.0,0.08,45.66,34.4838,Haussière,-2.8,42.8726,43.3177,42.7447,41.1875,43.7548,40.4325,38.0,35.4,-0.5741,-0.3817,-0.1923,-0.2033,1.82,False,False,True,False,OK,
PEA,NWL.MI,NewPrinces,2026-10-09,17.37,18.42,17.37,18.21,17.56,3.7,49720.0,0.32,24.4,13.92,Neutre,3.13,17.6578,17.1246,16.9607,17.257,16.8596,17.4683,58.2,51.4,0.286,0.3576,-0.0716,-0.1073,3.87,True,True,True,False,OK,
PEA,AI.PA,Air Liquide,2026-10-09,168.12,170.18,168.12,169.52,167.94,0.94,65876.0,0.08,182.26,137.8262,Haussière,0.56,168.5792,168.937,167.7629,163.7819,168.9416,161.4016,52.4,48.3,0.0852,-0.1467,0.2319,0.2146,1.79,True,True,True,True,OK,
PEA,ALCPB.PA,Capital B,2026-10-09,5.417,5.476,5.38,5.434,5.331,1.93,27119.0,0.07,11.8,3.776,Baissière,-1.55,5.5197,5.3592,5.4813,6.4121,5.2924,5.9393,49.0,46.4,0.0682,0.1111,-0.0429,-0.0363,6.22,False,True,False,False,OK,
PEA,WBD.MI,Webuild,2026-10-09,1.906,1.926,1.895,1.918,1.867,2.73,610507.0,0.18,3.5649,1.852,Baissière,-2.15,1.9602,2.064,2.2098,2.4538,2.1059,2.5434,41.6,34.1,-0.053,-0.058,0.005,0.0033,3.05,False,True,True,False,OK,
WATCHLIST,SU.PA,Schneider Electric,2026-10-09,264.35,266.15,262.2,265.2,261.1,1.57,242292.0,0.22,312.3,217.0042,Neutre,-5.42,280.3871,284.3025,280.1652,269.0654,291.295,266.0979,39.6,36.8,-6.5564,-3.0708,-3.4856,-3.81,3.64,False,False,True,False,OK,
WATCHLIST,FGR.PA,Eiffage,2026-10-09,99.84,100.0,98.58,98.62,98.98,-0.36,34070.0,0.12,142.0201,97.36,Baissière,-4.57,103.3421,109.3732,114.9674,117.2332,111.113,123.022,29.1,29.7,-3.3254,-3.1975,-0.1278,-0.1431,2.26,False,False,True,False,OK,RSI survendu
WATCHLIST,ALMDT.PA,Median Technologies,2026-10-09,3.33,3.5,3.325,3.475,3.33,4.35,47465.0,0.28,7.27,2.72,Baissière,-4.49,3.6384,3.9508,4.1999,4.2267,4.0521,4.5908,39.3,31.6,-0.2046,-0.1894,-0.0152,-0.0314,5.41,False,False,True,False,Faible,
WATCHLIST,BNP.PA,BNP Paribas,2026-10-09,90.58,91.0,89.77,90.27,89.2,1.2,322284.0,0.13,110.151,61.2061,Neutre,-5.15,95.1695,97.8071,96.613,91.0615,100.6369,91.0879,34.6,31.0,-2.6074,-2.04,-0.5674,-0.5899,2.78,False,False,True,False,OK,
WATCHLIST,UCG.MI,UniCredit,2026-10-09,76.14,76.5,75.77,76.47,75.33,1.51,873567.0,0.17,86.42,55.9855,Haussière,-5.36,80.8004,81.6687,79.7154,74.817,83.192,74.3459,35.9,31.8,-1.6366,-0.9077,-0.7289,-0.7182,2.71,False,False,False,False,OK,
WATCHLIST,SAF.PA,Safran,2026-10-09,314.1,316.1,313.1,316.0,310.8,1.67,121433.0,0.23,366.5,259.6822,Neutre,-3.52,327.5371,331.4035,327.6201,316.171,338.414,315.9088,38.2,32.3,-4.2264,-2.7036,-1.5228,-1.3458,2.62,False,False,False,False,OK,
WATCHLIST,GTT.PA,GTT,2026-10-09,216.6,217.0,213.6,215.2,216.4,-0.55,6221.0,0.06,227.0,147.2437,Haussière,-0.13,215.4754,211.1774,204.5325,193.5941,211.238,193.8675,50.7,52.9,0.4171,1.4004,-0.9833,-1.1821,1.95,False,False,True,False,OK,
WATCHLIST,ENR.DE,Siemens Energy,2026-10-09,143.02,145.02,142.1,144.96,142.5,1.73,279457.0,0.16,191.66,93.9992,Haussière,0.65,144.021,146.665,149.6061,144.4288,147.438,153.9173,50.8,47.0,-0.3933,-0.9143,0.5211,0.5206,3.41,True,True,True,True,OK,
CTO,PPFB.DE,iShares Physical Gold ETC,2026-10-09,72.46,72.58,72.35,72.42,71.24,1.66,23929.0,0.16,90.025,64.775,Haussière,0.25,72.2385,72.5676,72.924,72.2771,73.0953,75.6647,50.1,42.2,-0.4586,-0.4371,-0.0215,-0.1136,1.55,True,True,True,True,OK,
CTO,AMZN,Amazon,2026-10-08,259.74,259.86,253.78,254.06,259.92,-2.25,38544500.0,1.05,287.2,196.0,Haussière,0.42,253.0086,253.7077,251.2393,244.4197,258.557,241.9815,50.8,58.5,-0.4142,-1.4176,1.0034,1.1047,2.24,True,False,False,False,OK,
CTO,META,Meta Platforms,2026-10-08,724.54,724.95,711.68,720.89,721.31,-0.06,16008000.0,0.73,779.82,519.3684,Haussière,1.86,707.7216,663.7396,640.7682,635.8409,635.7985,628.8865,57.6,57.7,27.5596,32.3725,-4.8129,-3.5579,3.17,True,False,False,False,OK,
CTO,GOOGL,Alphabet A,2026-10-08,353.14,356.83,346.52,348.29,350.5,-0.63,23461600.0,0.88,408.1038,235.2282,Haussière,0.99,344.8634,345.6542,345.0781,329.6491,345.7745,339.456,53.5,55.8,0.8671,0.1381,0.729,0.7056,2.45,True,False,True,False,OK,
CTO,NVDA,NVIDIA,2026-10-08,234.92,237.07,229.85,230.48,237.47,-2.94,118311700.0,1.08,243.37,163.8954,Haussière,0.83,228.5893,221.8558,214.6766,203.3656,221.2512,201.5988,54.5,64.4,4.4896,3.8404,0.6492,1.2635,2.49,True,False,False,False,OK,
CTO,DFEN.DE,VanEck Defense UCITS ETF,2026-10-09,49.95,50.32,49.945,50.29,50.01,0.56,19450.0,0.21,64.51,48.075,Baissière,-2.91,51.7973,52.6293,53.3967,53.5049,53.6318,55.8321,38.1,35.8,-0.5785,-0.4947,-0.0837,-0.0332,1.62,False,False,False,False,OK,
CTO,MSFT,Microsoft,2026-10-08,529.81,533.51,518.79,522.61,529.76,-1.35,20201700.0,0.91,549.2013,348.5439,Haussière,2.27,511.0042,489.5312,465.3395,450.7966,498.4921,432.4385,61.8,68.2,9.9763,8.8317,1.1445,1.6382,2.22,False,False,False,False,OK,
CTO,V,Visa,2026-10-08,371.4,379.99,370.37,375.1,372.1,0.81,6406700.0,1.04,385.57,292.7382,Haussière,1.82,368.378,365.4596,356.2406,345.6989,369.2377,337.066,58.9,55.7,0.1387,-0.7122,0.8509,0.3972,1.64,True,True,True,True,OK,
CTO,AVGO,Broadcom,2026-10-08,370.62,373.35,357.41,360.14,376.51,-4.35,27042200.0,1.12,493.3195,288.9756,Neutre,0.06,359.9325,366.9707,372.175,362.4954,371.9,366.9958,49.4,59.3,-0.4719,-3.4474,2.9755,3.7154,3.22,True,False,False,False,OK,
CTO,BRK-B,Berkshire Hathaway B,2026-10-08,506.61,513.15,505.27,511.05,506.25,0.95,4678900.0,1.0,537.74,464.01,Haussière,1.07,505.636,504.496,500.4446,495.9939,507.6494,492.8915,57.8,51.5,-0.1724,-0.548,0.3756,-0.1088,1.09,True,True,True,True,OK,Croisement MACD haussier
CTO,QUTM.DE,VanEck Quantum Computing UCITS ETF,2026-10-09,25.59,25.605,25.5,25.58,25.905,-1.25,3582.0,0.15,29.89,18.91,Haussière,-0.85,25.7985,25.5209,25.1426,24.0864,25.4553,23.9054,48.6,52.3,0.2213,0.2443,-0.023,0.025,2.04,False,False,False,False,Faible,Croisement MACD baissier
CTO,NFLX,Netflix,2026-10-08,70.09,71.62,69.72,71.57,69.7,2.68,46060600.0,1.23,124.86,65.08,Baissière,-0.06,71.6161,74.3099,77.6776,83.7089,75.3836,83.569,47.2,41.0,-2.0888,-2.1109,0.022,-0.2687,2.58,False,True,True,False,OK,Croisement MACD haussier
CTO,1211.HK,BYD,2026-10-09,73.95,76.2,73.65,75.6,72.9,3.7,20033846.0,1.26,114.1551,71.4,Baissière,-2.94,77.89,82.2824,86.2117,91.2497,84.799,92.3534,37.6,24.8,-2.9605,-2.9021,-0.0583,-0.2582,3.04,False,False,True,False,OK,
CTO,JEDI.DE,VanEck Space Innovators UCITS ETF,2026-10-09,68.25,68.54,68.17,68.54,69.85,-1.88,9464.0,0.18,121.24,44.41,Baissière,-2.44,70.2533,71.9157,74.3699,72.2,71.5372,76.9413,43.7,47.5,-0.1962,-0.2287,0.0325,0.1954,2.94,False,False,False,False,OK,
CTO,1810.HK,Xiaomi,2026-10-09,23.84,25.96,23.78,25.96,23.66,9.72,255626451.0,2.32,56.55,21.3,Baissière,1.77,25.5096,26.3299,27.591,30.8136,26.6856,30.5595,51.0,33.8,-0.6877,-0.6041,-0.0836,-0.2506,3.96,True,True,True,False,OK,
CTO,BAYN.DE,Bayer,2026-10-09,42.7,43.19,42.56,43.12,42.59,1.24,297371.0,0.13,53.92,25.7063,Haussière,-7.19,46.462,47.1794,45.8182,42.3932,48.1832,43.1197,30.6,26.9,-1.4173,-0.7582,-0.659,-0.6995,2.99,False,False,True,False,OK,
INDICES,^FCHI,CAC 40,2026-10-09,7791.5098,7806.52,7783.0298,7797.1602,7729.6899,0.87,0.0,0.0,8755.0303,7505.27,Baissière,-2.28,7979.2071,8155.5129,8223.4789,8193.2956,8278.2972,8230.2153,32.8,26.2,-134.761,-117.796,-16.965,-21.9633,1.16,False,False,True,False,n/a,
INDICES,FTSEMIB.MI,FTSE MIB,2026-10-09,49704.3711,49824.2812,49572.9688,49786.4297,49298.0,0.99,0.0,0.0,54042.0,41360.0,Haussière,-2.52,51071.4829,51618.5413,51141.1395,49201.8484,52203.9486,49097.1421,37.4,32.3,-608.139,-422.3342,-185.8048,-191.0929,1.44,False,False,True,False,n/a,
INDICES,^STOXX,STOXX Europe 600,2026-10-09,627.65,631.74,627.65,631.64,625.51,0.98,0.0,0.0,663.41,556.96,Haussière,-0.65,635.7685,640.0915,636.6439,622.153,645.8186,624.7166,43.9,36.4,-4.0444,-3.7217,-0.3227,-0.5608,0.98,False,True,True,False,n/a,
INDICES,^GDAXI,DAX,2026-10-09,24976.9707,25089.4609,24955.7109,25077.5605,24806.9707,1.09,0.0,0.0,26618.7402,21863.8105,Haussière,-0.99,25327.6366,25488.266,25328.4778,24881.2247,25799.2863,24857.8564,43.2,36.6,-187.2995,-167.333,-19.9664,-26.5915,1.18,False,True,True,False,n/a,
INDICES,^GSPC,S&P 500,2026-10-08,7778.4502,7797.79,7731.2598,7765.3599,7801.77,-0.47,6082070000.0,1.14,7844.52,6316.9102,Haussière,0.63,7716.3834,7660.3557,7537.6616,7288.0943,7689.4404,7245.9637,56.2,60.3,30.7316,20.5506,10.181,12.2143,0.87,True,False,False,False,n/a,
INDICES,^IXIC,Nasdaq Composite,2026-10-08,27416.0293,27491.8906,27066.7598,27193.3398,27538.6895,-1.25,8820120000.0,1.06,27722.75,20690.25,Haussière,0.89,26952.6512,26555.413,26029.9171,25004.2608,26518.0997,24818.0431,57.4,66.2,278.6689,234.5395,44.1294,70.87,1.2,True,False,False,False,n/a,
INDICES,^HSI,Hang Seng,2026-10-09,23941.2598,24224.0508,23941.2598,24211.3496,23785.7891,1.79,0.0,0.0,28056.0996,22518.0,Baissière,-1.25,24517.4343,24838.8886,25029.3573,25100.1189,25145.8238,25506.3319,42.3,32.7,-298.5678,-251.9822,-46.5856,-70.5237,1.37,False,True,True,False,n/a,
INDICES,EURUSD=X,Euro / Dollar,2026-10-09,1.1217,1.1246,1.1213,1.1223,1.1201,0.2,0.0,,1.2024,1.1162,Baissière,-1.18,1.1357,1.1451,1.1503,1.1527,1.1511,1.1599,25.8,21.2,-0.0089,-0.0073,-0.0016,-0.002,0.58,False,False,True,False,n/a,RSI survendu
INDICES,EURHKD=X,Euro / Dollar de Hong Kong,2026-10-09,8.7959,8.8225,8.7957,8.8052,8.7895,0.18,0.0,,9.3787,8.7581,Baissière,-1.16,8.9089,8.9799,9.0169,9.0248,9.027,9.0815,26.2,22.1,-0.0685,-0.0561,-0.0124,-0.015,0.58,False,False,True,False,n/a,RSI survendu
INDICES,^TNX,Taux US 10 ans (en %),2026-10-08,5.324,5.331,5.223,5.231,5.277,-0.87,0.0,,5.364,3.947,Haussière,1.83,5.1371,4.9401,4.7589,4.5769,4.8827,4.473,65.0,71.0,0.1227,0.1241,-0.0014,0.0059,1.6,False,False,False,False,n/a,Croisement MACD baissier
INDICES,GC=F,Or (future),2026-10-09,4159.7002,4232.7002,4156.1001,4211.7002,4157.0,1.32,52029.0,0.35,5586.2002,3901.3,Baissière,-1.02,4255.1249,4314.3047,4355.4822,4324.498,4376.88,4547.995,43.0,36.4,-64.7517,-58.0931,-6.6585,-13.432,2.11,False,True,True,False,n/a,
INDICES,BZ=F,Brent (future),2026-10-09,103.9,104.09,102.42,102.76,104.28,-1.46,6528.0,0.15,126.1,58.72,Haussière,1.02,101.7257,97.8273,94.1935,88.9897,95.996,88.7736,54.0,57.4,1.4096,2.0347,-0.6251,-0.7113,4.22,True,False,True,False,n/a,
INDICES,BTC-EUR,Bitcoin en euros,2026-10-09,72854.7656,73653.9766,72720.5547,73560.4766,72842.1406,0.99,37462802432.0,1.27,77584.125,50632.6055,Haussière,-0.02,73578.1514,69876.046,66196.3409,65330.2711,70295.353,62203.9876,53.7,50.8,1496.3583,1962.8022,-466.444,-384.2851,2.51,False,True,False,False,n/a,
